system_id,sensor_latency_ms,cpu_usage_percent,memory_usage_mb,error_count,uptime_hours,mode,temperature_sensor,CPU_temperature,CPU_thermostat_stability,sensor_thermostat_stability
1,22.483570765056164,58.892663212974625,420.4571937703785,0,130.8373734642057,normal,26.146247202900092,50.9,956.5747758679776,111.7881511358717
2,19.308678494144075,73.64124960705196,316.80249489930895,0,48.28598301331873,normal,56.44790832533232,59.1,1039.8938178633434,87.16836009702277
3,23.23844269050346,24.02148639271288,174.4840486500362,1,92.52390610445983,normal,57.17232598262437,48.8,1011.3191399220797,83.61108721385219
4,27.61514928204013,53.444538550358565,96.32161543913746,0,63.13088258,emergency,28.567063252187985,42.7,939.7482114432763,103.07888614497347
5,18.829233126383322,35.24036146,311.0060576177477,2,47.97823855462658,normal,31.508234422472444,46.8,976.8559899212586,113.16813818713379
6,18.82931522,37.69311924352956,262.85026704649107,0,80.76078186905981,normal,28.91606831409813,55.7,1066.057461483886,95.38638760746765
7,27.896064077536955,36.11409113641696,401.15173563408473,1,77.15054213209407,normal,63.82617221399705,47,902.9328302642771,128.84585190307692
8,23.837173645764544,32.04013845480276,193.5003205838232,0,302.88652886434136,normal,26.119477124387714,52.9,982.8434948,111.0897843150918
9,17.65262807032524,45.72782441917241,506.2393555572168,0,111.77410474846316,normal,26.767871769045726,50.8,1050.6374503482214,98.85591408906166
10,22.712800217929825,32.535748253834434,193.5447008082443,0,45.20425635826039,degraded,60.63628005922253,53.6,965.3303839093959,93.52705109164903
11,17.682911535937688,49.056852386697585,95.92077843233479,0,67.87128188629232,degraded,56.641361614850496,59.1,972.8445539351178,90.59068096905216
12,17.671351232148716,44.246428358262946,111.67708129511864,0,150.00845328095076,normal,29.61703595544543,52.9,996.2116412425244,113.74298244304251
13,21.20981135783017,41.41577929700385,243.68635806655772,3,255.75536610131974,normal,34.03867726860825,50.7,1059.6555850449715,96.31433468077746
14,10.43359877671101,31.386545069376034,103.03166165846488,1,40.73176862544763,normal,61.99410823599933,59.6,974.4439201326139,73.5806738
15,11.375410837434837,36.34843004147501,503.96274685686075,1,35.16452660036953,normal,59.39242731880551,51.7,982.2407216141573,93.88265531982589
16,17.188562353795135,56.33086838738634,229.5800628,1,229.4035288851908,normal,33.46077102995078,46,982.6259489752593,114.27972434392214
17,14.93584439832788,52.51375781436571,171.62119421076736,2,109.37770640932284,normal,32.06119738757675,53.4,1088.2372033090182,80.94950383
18,21.571236662976368,30.336671328021737,182.6478563,0,58.31466666767772,normal,59.278004476409365,52.2,1087.4714435589515,80.52710536884955
19,15.459879622393945,46.489984581438385,135.59867559056147,1,117.60299973162873,normal,54.50656536498495,48.5,1040.1621559151552,101.8930824305103
20,12.938481493323543,56.27080685057683,30.731420703545375,1,24.097934477397573,normal,58.88442635,47.4,1015.4474559669942,101.90965522581196
21,27.32824384460777,19.958920783179423,111.74623237260039,0,90.16918629036415,normal,60.50417941790046,48.5,1029.4947430358498,108.06405751307926
22,18.871118497567323,53.15040288569902,463.6356657698427,0,106.04998996882127,normal,61.38745087220056,47.3,1059.6292811260319,120.96590764466737
23,20.33764102343962,35.060643615812296,197.35499916874105,0,142.8985688398157,normal,28.11805966214609,48.7,962.5666452639043,113.46731949163811
24,12.876259068932717,53.55898002889739,341.68726369265954,1,54.22011818797454,degraded,60.67270423360588,45.8,1047.033161791284,106.66141064065496
25,17.278086377374088,33.55111265186225,348.30957304750876,0,93.95759661953274,normal,57.25103724277974,51.9,949.8447732900395,113.3466029542133
26,20.55461294854933,17.926768490032213,161.74451088013063,0,56.67242081211869,normal,36.817304161340644,51.6,974.4899399018636,89.37753483
27,14.245032112888486,20.586863431752562,265.86170153489184,0,102.27772198529036,normal,30.15498293055324,51.7,1036.284207832012,91.70731933733884
28,21.87849009172836,45.72127419992073,34.75065093671449,2,57.53116717721703,degraded,31.110183345806867,49.7,942.8527719909613,83.69579385273734
29,16.996806550405974,48.89583752582223,439.19481850126203,2,73.40188235241355,normal,55.83437233850637,49.1,994.3972511924534,87.62284278332976
30,18.541531251033618,31.435250623433873,415.86521079753925,1,54.71250547605795,normal,64.18036358257329,57.2,965.5298041656126,107.85856743126926
31,16.991466938853016,54.57888688166061,238.92713429439408,0,124.65726867087238,normal,58.626454841452535,50.3,989.7752251787762,75.52629639670451
32,29.261390922544688,20.07719907,202.63534859406343,1,138.2723869656307,degraded,59.546102339302436,56.3,888.0564358,96.02207036077169
33,19.93251387631033,44.00880302029025,163.38936943238596,2,80.05306401870264,emergency,28.87109782522501,45,929.1386758196061,95.85176579977863
34,14.711445355220498,26.83475700356315,368.53550108468335,1,91.75472621425831,normal,32.292089344718576,52.9,972.0049106160833,99.62110585901837
35,24.112724560515943,35.222458382967616,287.4615960790161,0,43.62822453717257,degraded,34.49229504953888,46.3,1037.0984972703434,95.54981741774968
36,13.895781750144888,45.71098006974621,124.11793205236062,1,77.49099034563412,emergency,32.63825112341221,47.2,993.0545726883913,88.73567337834791
37,21.044317975023777,32.09379952074072,59.879591747903916,0,87.78561873350515,emergency,59.544856699268315,47.9,1000.1138366358724,95.58107842
38,10.201649380601122,39.23166683655262,49.17146549287276,0,333.75144707656347,normal,34.353004314394006,47.6,1027.5289084440915,123.6033497870281
39,13.359069755507846,60.094392138216605,365.9336547082129,1,51.62553875262379,normal,31.054439701056605,47.7,964.8185462796379,126.64960109223279
40,20.984306179345616,36.34662195715277,160.6823343229997,1,187.18335029874856,normal,63.20931436495155,56.1,1011.3450929522917,100.1102005530602
41,23.692332899977053,57.535381680977125,236.1494139580177,0,148.18024238480243,degraded,29.54927103360522,50.2,967.7853392773753,107.43717710752668
42,20.85684140594985,28.05439718013573,176.78235092404393,0,103.57730086977301,normal,31.92162880522432,51.1,930.8932202351757,76.93710370475775
43,19.421758588058797,52.947062668729245,49.84328842022304,1,216.87263420950745,normal,30.48146887192044,47.7,984.3640082497959,89.03712890921926
44,18.494481522053555,66.62352931,35.65770141306972,0,108.4243545,normal,58.82084173,54.3,1022.9522344962023,94.88957272
45,12.607390048162863,7.925332498090661,117.28154731747642,1,109.35282681180577,degraded,61.644958882663495,51.8,1013.543562039992,121.97854947300195
46,16.400778958026457,33.046571167942844,125.5862258781274,2,87.65771898503729,degraded,26.102350909662526,48.5,999.5267802208472,85.02732192
47,17.696806145201062,53.65608191,125.5215003,0,165.96624780538244,normal,62.79938421702321,42.1,1095.694610637509,98.98205585576227
48,25.285611131094576,41.95431920935511,128.4966079178995,0,155.74726805026006,degraded,56.461892635102146,51.1,1016.5164864123511,129.1335871366423
49,21.71809144784231,50.56718810056963,604.2322837,2,65.83564152856918,normal,55.829334224539615,52.9,1039.1494402374938,101.16910715558856
50,11.18479922318633,35.94022219926269,338.19597623538067,0,46.542990050270554,degraded,27.912915368408807,45.1,1089.525733539918,106.77367154577806
51,21.620419846973974,46.29884681,199.4339520626813,1,81.32957132074303,normal,31.01606195376507,48.5,948.2365871,77.23771995941942
52,18.074588597918417,42.664841469118805,157.59282205878867,1,60.33912411515677,normal,60.43519123787814,52.7,958.4484715918019,119.580448
53,16.615389998470206,62.51673092489711,161.9073318078599,1,87.20291093957417,emergency,30.860867562905128,42.1,1069.7484890049172,106.18360770465564
54,23.05838144420434,48.816312649518196,280.27033758895675,0,167.12116150370528,normal,57.81461513495897,46.8,968.0774905903575,102.70408038798789
55,25.154997612479754,50.064039931128036,156.4618645023267,0,71.61819576,degraded,27.72970806895222,51.9,1001.1873292121332,90.56583002645851
56,24.656400595580994,38.82184550816299,315.1599225,0,88.11020049149985,normal,60.02364055408418,55.5,1042.772638776974,88.24724734163104
57,15.803912383886807,37.68590664,215.51928321769606,0,92.66690226100091,normal,30.939396420039465,60.9,1035.628255651727,95.02133266148209
58,18.453938120743928,38.51162718270569,607.7815083874699,0,137.58135860986502,normal,62.848783714093464,59.8,1070.1954472792445,110.8780459475678
59,21.65631715701782,50.91678213567445,149.28742879696486,0,29.269772640418275,normal,27.22630766,50.7,1059.8257654813387,122.5274105077105
60,24.877725635611796,38.68523278769605,354.57241784813306,0,66.46329581257594,normal,31.789323412745258,47.6,1042.7757067882294,100.62534024868067
61,17.60412881077355,49.34662285344619,65.23597968039951,0,100.04717714007842,normal,31.373416829777355,54.6,969.0916514301124,110.15882697773634
62,19.071705116680914,76.13101197968157,98.41175190526835,2,164.02838271958356,normal,32.346390004594376,47.3,1031.7945067117287,105.15619315373277
63,14.468325129969859,58.06687055147539,556.0010576146702,1,70.38982885585251,normal,57.72089064755914,46.2,1012.5708797802747,107.49421012573599
64,14.018966879596647,40.10964701748238,306.11546130678045,0,35.22385834787092,emergency,63.75852790328245,48.5,946.9493816023818,110.48134305926949
65,24.062629111970992,63.01820883245917,239.19833952029887,0,122.71391144292704,emergency,29.344040167694892,47.8,1056.6919618590741,120.54054625721544
66,26.781200142854114,38.87886940467673,709.3220824503251,0,65.51759978706106,normal,53.41161653670016,52.1,1032.2894613831427,74.99169929994633
67,19.63994939209833,14.428131972332192,159.33822735996745,1,49.65835580323202,degraded,27.84267164565244,47,1001.8196032252439,115.82097048660029
68,25.01766448946012,29.878705336238937,354.00534864150876,0,65.87949930296324,normal,58.96072048,50.4,990.6763175606235,84.61998247221244
69,21.80818012523817,16.938121184612164,371.6780609,0,82.08352457032004,normal,31.534498726085584,58,952.0679542119685,81.65337763472625
70,16.77440122697438,39.72729773938037,478.98140227713475,0,66.52831641159884,degraded,63.037912228932214,50.6,1007.9809629423453,104.34741744948838
71,21.80697802754207,45.276275687843274,58.15596783,0,29.880825033623182,emergency,31.812362668765555,57.6,1018.7375647778258,75.74275099674323
72,27.690182832329846,70.14655968412924,158.52280903010094,0,140.96802596308504,normal,31.264638250609686,56,966.7538006302689,123.11960957650837
73,19.820869804450243,49.90391060646244,212.81447862869126,0,170.27887269554142,degraded,61.96492675266507,53,1046.4881619639812,107.63493832307611
74,27.82321827907003,41.71349206786704,473.8536456383721,2,124.68131423020694,normal,28.097142456931792,48.2,956.1118781406786,113.40498149139728
75,6.901274479551278,57.441083717752335,232.3417732568858,1,50.96591952734725,emergency,59.45549051,55.2,915.0759859983024,70.9677524
76,24.10951252187612,11.832970364881724,372.2160436944249,0,81.39014794170306,normal,29.093458239052136,48.8,1041.589083635708,105.66591276670255
77,20.435235341190857,48.53421837162849,53.10970112563101,0,89.72409426224388,normal,28.101734910344884,50,983.8653584759157,103.40711154365732
78,18.504963247670663,56.562977908304504,131.1272638680523,2,121.43719247732213,normal,29.018948047170685,51.7,994.9588165874794,79.53757864868336
79,20.45880388267751,22.821206313302376,414.8247592778232,0,125.73421124020888,normal,57.51541118,50,966.4993310869979,79.18423090748638
80,10.062155426995536,62.15631064810394,145.30677936741864,1,62.359317562158715,normal,53.60221312153549,46.4,935.7614895713039,111.73177172625466
81,18.90164056081244,50.07744611241621,168.68601413283412,1,93.78432941099382,emergency,26.818184800810197,42.4,1050.2094949889688,89.12598558291258
82,21.78556285755873,38.77068129148798,468.89486228942286,0,113.14160800152678,normal,59.74179092162732,54.8,972.4452406461231,111.51821773190917
83,27.38947022370758,54.491727991594274,79.49285655736634,0,186.40303066903817,normal,55.569225217404295,52.9,1066.4380995259176,103.26299498306633
84,17.40864890863176,79.06039286706593,97.03772566074672,1,128.028548,normal,55.81263239342255,41.4,1032.2923274484292,93.33703444738867
85,15.957531985534061,47.72799382587743,47.56396092250043,1,133.55699875518073,normal,61.74821274952159,46.3,987.4096741313016,125.50794937683916
86,17.491214782077318,48.723308794505044,481.2248640591098,1,93.87023163537903,normal,54.27599358863008,50.9,956.5639039549253,120.50019981476298
87,24.57701058851037,38.109586506896335,333.9787115743169,1,182.22270130689117,normal,57.78188577762289,52.2,970.7015205311817,91.44385400099057
88,21.643755548298422,32.25233445802812,328.2556116,0,110.48518040477087,normal,28.759153003111074,42.4,951.4990747561932,72.61548782794243
89,17.351198981164806,57.455037248163684,128.1499663545784,0,58.52511889577926,normal,25.989823683372208,49.6,1083.4845343835275,88.28608440466584
90,22.56633716556678,32.15874261136699,43.939751771196214,1,181.57794037134622,normal,63.654584135262766,52.7,1006.5776492091929,93.89114091507886
91,20.48538775,46.073493558290885,31.711331748392947,0,127.60654162746401,degraded,59.50699438234383,48.2,1046.0082217018653,112.29752982708173
92,24.843224952664446,37.83513829852325,416.8590916477112,0,72.13057292510774,degraded,54.46861924955776,51.3,949.3059180395909,129.72150892204104
93,16.489734530613237,52.18469738619588,250.5812495287139,0,70.82793721500107,normal,29.81698808443385,47.6,1007.2414051838801,91.35489194304758
94,18.361689267011158,50.00493157930423,285.09706239571824,1,104.40606551571315,normal,60.96503562,54.5,1047.114477552343,115.75286882712604
95,18.039459234339212,60.563099163868486,205.66772889678737,1,113.47611765383014,normal,30.218622294046547,46,986.5995695226794,105.59061499373327
96,12.682425259339407,37.349754017178796,87.04940774832724,0,99.34971822569578,normal,31.42629204757987,44.3,1041.2445783568696,111.50210792201062
97,21.48060138532288,40.95187597059943,132.9941858205381,0,105.17801932781596,normal,30.140804706181108,50.1,956.6172835197693,79.06764714088482
98,21.305276360899448,30.318544263265387,68.84538232426672,0,210.60380928054937,normal,26.485036958047314,42.8,945.4611382152566,93.93257756
99,20.025567283212304,38.33560109885833,60.93490179,0,153.81822930949818,normal,29.894977169981292,39.5,1015.1760244831255,84.45135386341747
100,18.827064333124266,50.65950739567278,315.5527295799142,1,99.01959854,normal,31.008434889078686,55.4,984.8329426,90.60736084
101,12.92314628974793,56.35482924968028,35.01878004241496,1,144.12129773493749,normal,27.553873115051637,45.1,1025.6821875708733,100.78768925194012
102,17.896773386173205,31.167520137335618,69.28336264252287,0,53.71745785,degraded,59.57887482328399,43.3,920.8844827391821,109.9974730098443
103,18.286427417366152,58.044088801584905,139.3161347207582,1,109.83327399028427,emergency,36.637593118191724,45.9,1028.4905854188207,76.35450910340883
104,15.988613653891905,65.33456788207427,180.64407609842513,0,222.43905964738494,normal,59.45565279225745,45.7,1103.9321570907725,77.85369703984485
105,19.193571441669953,51.20152354835551,46.95462051355528,0,80.71924739109143,normal,31.092420888163986,49.3,999.0149607427408,89.31883638809848
106,22.020254284072692,73.15193719,230.24415157399787,0,58.92014400631393,degraded,62.93666867567034,44.5,1001.3656851563936,109.69386019997462
107,29.43092950605265,33.39316201344641,197.27731584153744,1,64.97194463,emergency,27.523038951593573,52.5,1007.1819793855472,120.79037351624332
108,20.872889064159196,26.330179450328746,412.0883870333258,2,52.20527175836269,normal,60.54318822831325,53.2,925.5209715683285,103.1954406878028
109,21.28775195361382,18.31919626643582,182.95901003970948,1,60.801778849434555,normal,35.805462120180685,43.6,1017.0458655876124,121.26714925147029
110,19.627770421169163,67.44066467233775,247.10530470119872,1,74.79461950971977,normal,57.019923901254145,46.9,935.7836102393615,93.09026867654566
111,10.406143923504793,54.81548484531086,91.47389243520023,1,44.57693132777393,normal,57.9896544,47.4,982.8928160750478,89.00727382710278
112,19.867430622753915,44.16622993634317,94.89873300321952,0,90.72284202953495,normal,26.226395532273337,49.2,1049.7147819841496,91.25588053550071
113,20.301151049705133,49.19952939,52.13665242527456,1,141.33579542801107,normal,27.103005589430374,55.4,970.5913217559969,80.26490975230594
114,32.316210562426434,28.117664290524353,92.26250437245763,0,57.17529559652583,normal,60.98732033613039,55.7,1020.049959582696,119.74675807011343
115,19.038195176094387,81.68627969425239,131.41505750044465,0,192.41258791034582,normal,61.480964542929456,62.5,1040.5095621582548,90.32025075
116,21.507736711668063,46.93831772962841,385.2177833026465,1,116.20966822429543,degraded,32.87515745952613,38.7,1011.149634,103.14220451764439
117,19.826441151473784,46.64092191907339,80.41168821276496,3,150.69987750801238,normal,36.15891607350499,45.4,945.1620611962157,104.71308808652998
118,14.156609811902339,55.88649935848038,625.3124725445366,0,64.78555896694809,normal,34.765880784130786,59.1,986.7009889859435,101.29198356383993
119,25.714114072575104,52.21513848,262.60634785546387,0,138.0012321214026,normal,53.77323597,41,1078.3764536955314,70.16128387445924
120,23.759665163433873,48.35826036418697,225.9988302376975,1,52.14524770128825,normal,30.68722406461711,59,918.9981694801012,129.3007251569692
121,23.955159735215233,33.142883168320324,172.3869261353149,0,140.4882352536329,emergency,60.84302775084542,50.7,988.9685594,124.3204945396966
122,15.453062726026305,52.072025357039934,148.3999960525931,0,98.09335918100965,normal,36.37431420905089,50.9,977.9156771404757,82.45815167177946
123,27.013971554680495,73.23036745,104.55760858160188,1,118.70312284540086,normal,32.712052664283945,43.6,1004.8298945238855,87.54936476754548
124,12.990744686038596,65.18130069232467,44.997490349248345,0,50.00898539524796,degraded,60.729014166163196,47.7,1029.9286246874892,101.2006092
125,22.934285469001352,68.89779939959095,82.95328813709408,0,57.53912083799801,normal,55.50295212,58.7,1064.347638720882,124.11468235964023
126,30.952278129049894,37.33176485353222,480.4665533542293,0,121.34213397833034,emergency,29.10755339737845,49.8,989.1907043196337,129.0178530947034
127,15.047318374346558,30.15592769612129,251.4419151279887,0,56.026567500633746,normal,29.807447516133543,47.8,1032.493653199073,85.45252384924498
128,17.16851135198614,43.11319619850528,477.6687023859302,0,113.47733734887741,normal,27.504135247516647,52,1019.9896057946069,103.86154257548691
129,20.498256825438204,45.835873684330416,102.28577337741571,0,45.44174140126832,normal,29.757364506403615,49,1018.973891914872,118.41812104823074
130,17.482621729419005,61.41287277706422,66.98874445846825,1,137.56370327086785,normal,36.14943628735778,51.7,977.4430427389411,93.66220324
131,12.246682844669337,19.61303055427771,171.10565984939717,2,48.60558016940013,degraded,58.33164375971766,45.8,960.1071412,113.86438215067342
132,20.342814874030136,67.94325479,85.71590896215186,1,118.64667618047241,degraded,29.518919756865508,49.6,955.9982754951722,79.66414087
133,14.688481431369475,42.629881521315156,198.70681768978352,1,123.07765120912792,normal,24.47976676648274,46.8,969.7425116,106.0419140700154
134,22.36796215317591,38.59678395,35.68940244063253,1,63.53647120990373,normal,58.611181463924225,41,1012.8674630346491,121.95186749819588
135,15.402878828830985,29.81843437109749,19.039868549978472,0,120.42332984039727,degraded,63.10826295313877,52.4,1030.4379757251331,129.01129655221334
136,27.749672025087698,20.17714992201346,219.77125554198852,0,102.53673572297171,emergency,33.584288585630816,43.8,1012.9387539142758,74.76194742268095
137,16.083733538318814,57.34755875942872,489.2683062563243,1,68.75703591579568,normal,31.99478148690522,49.2,978.0417961521704,95.70083648205696
138,18.38969241897162,46.09976950782606,226.82541596035807,0,54.36511381390897,normal,31.771266183754392,54.6,1072.238804397299,82.27257157278567
139,24.067586086848348,25.650586503884192,249.63664421364183,1,33.74010382,normal,28.764529893109028,42.5,1060.7546249452616,97.03818943
140,13.845678417830225,25.573818419045757,176.6727407921899,1,107.21380557029633,degraded,23.683059174479027,53,985.8399955,102.86581435773124
141,21.137299673020646,39.96322951064808,189.50109439457984,1,41.165421267006245,normal,64.28657312,48.5,967.0627437605733,75.59960262218925
142,26.53571377141214,70.03532288,42.67071178461096,0,94.41236971849561,normal,59.54903861918439,45.2,1005.2085981663188,87.81164652884077
143,11.962583827193862,41.10612972954593,88.60203864,0,78.90746935158016,degraded,23.349543481937808,60.1,1050.6919458021741,125.65505440912885
144,20.92316929266152,22.45285570322841,382.5948177597124,0,126.41515702789268,normal,35.693301050237935,50,1013.3105990901647,104.14022388581172
145,21.299413971242117,41.313854038710836,129.06477758675464,0,77.39926235515152,normal,63.57569800324072,47.2,1022.2619481964018,97.44471985141672
146,23.90911435888655,40.90914645378494,377.4519644784035,0,76.34603564152967,normal,28.254653899823836,46.1,991.5167951,115.21155944788687
147,13.81524644560959,4.546700355876425,185.6398630568825,1,129.79228334345385,normal,30.511391312989712,54.4,1018.2508358080893,114.51172911052224
148,13.397716934578618,44.18557700223282,192.7098509398154,0,106.43441933026574,normal,60.966246932300955,46.9,1061.7817780582454,72.91474197065612
149,22.60970782808449,41.53598204686983,129.86026433926367,0,105.43324233891236,normal,55.57760360387368,53.8,990.4132487408916,112.52184372656475
150,21.48492336616593,55.44309547220128,275.8156523,0,113.82176897337365,normal,34.12948935005861,50,1005.7323093003149,120.35460086830501
151,21.252464251729382,72.73434142418017,323.1978467590632,0,41.77148536290466,normal,64.35785023645853,55.6,1010.1526590619851,79.95627305241723
152,21.732241047484877,61.89847544321636,84.39547637154101,0,131.41947938382498,degraded,60.905100026705206,44.8,1011.3490142308415,116.85987627999744
153,16.599876392107547,40.96666964167754,47.109723905507394,0,122.27032803259547,degraded,32.61694614008535,45.5,943.5244449571509,87.19219700374612
154,21.161268485805017,28.402111368874944,24.240575702029894,0,54.14461029988002,normal,62.85004748600894,48.6,924.9252537650442,88.38818519977343
155,21.465362366493405,83.60039704874791,241.22598502524238,0,79.67531096093745,normal,59.55017784276267,49,959.2137971631264,109.91568792098099
156,16.42824290986816,45.888276510217324,222.0333848223432,0,88.26523859341044,normal,31.18745934328777,48.2,1006.7176918160667,76.68353029646295
157,29.328872555723784,45.20893937869419,740.1304238390857,0,84.16268128013814,normal,57.92324901220231,63.2,1022.1542466401285,109.89234692819767
158,22.36916460455894,44.638123693349954,177.4555648456041,0,106.37068087875032,normal,29.359629661948684,60.3,978.7730176,123.27140756057335
159,14.043482513986756,47.971271411517826,154.22326508261804,1,184.13761596514496,normal,62.48468907055387,51.5,1055.0902993146922,111.77867609412438
160,23.28276804316915,42.834593821140864,203.6250020228679,1,154.60652853764768,normal,53.05156841109337,52.1,994.2729610269525,96.41967259992455
161,15.126591648863393,36.39506989679646,211.74283575578397,1,46.70682984244224,normal,25.207202491213703,48.8,1000.812639929385,96.29286306263349
162,23.93542301871226,36.79711588139412,145.08445830370704,0,122.85870990517584,normal,63.54567327887988,44.8,992.2414451778935,115.9057657143584
163,25.79297789503702,44.50870094676002,86.90040978161373,1,174.9441289434177,normal,29.462720144951533,49.1,1005.3610717098666,103.93852007355298
164,15.896588408241447,36.84862843299352,170.3313752344857,0,109.22437583629656,normal,56.400907414904076,53.9,1028.1789629617442,75.09424979150906
165,24.81688064622161,34.30731325984253,165.4921789566196,2,155.32042056511793,normal,29.406186813045956,56.5,1026.6261375164931,104.96026527168428
166,22.06390463468249,46.596453415378456,163.45653350322812,0,246.19778645037806,normal,60.949074964608435,55,964.0630823756164,118.89062217360458
167,24.11030079997245,41.17534173868717,296.1001478627298,0,150.1830334236067,degraded,30.52586033680177,42.5,1060.946551059141,90.22398301
168,29.483964913269737,67.55989482874033,168.0067598825457,0,101.96751659624034,degraded,56.34815192333856,48.6,956.1989417029233,125.65459477452337
169,18.773059419985646,5.235452874104823,48.196492877794924,1,151.7970205111133,normal,26.189816733863903,42.7,1003.1690805636244,115.04302002059008
170,16.23131917821255,61.37260277883693,99.71286434491947,0,96.78034407,normal,34.88749909470283,55.8,989.0241370591059,104.44382950899787
171,15.552427851872384,63.69127788746444,143.67529931794272,0,91.09942765480298,normal,55.88477061220948,47.9,958.0403329072606,115.0986393275751
172,15.920948575172808,13.89914651387776,174.08763588943316,0,75.51209802373808,normal,57.095862724469264,49.8,996.9951764810468,74.74893764429231
173,19.614491452929478,39.85968608879477,244.82855504224727,0,196.70530192739247,normal,57.430505287772405,52.4,970.3674491,121.56334454083668
174,21.70575987408322,39.428387010063126,175.12961174018992,2,59.786845810104325,degraded,58.990839163766594,63.8,1002.9162897310421,119.29024679203349
175,21.383453996650097,23.887324579232683,19.600571583978347,0,193.6754582009419,normal,27.369678656364464,51.3,1016.1234384487747,124.59229957661253
176,24.13591624518012,33.33274968613687,54.195915011555705,2,115.57643221379972,degraded,61.41462714125462,48.8,1058.8771747589308,77.71787185
177,20.065009459389536,28.341362318012568,256.73373858164274,0,44.71669458756109,normal,33.24595442774983,43.8,1012.2953687450965,74.90680522563912
178,27.267670385786584,71.28405665135435,140.60200886606665,0,108.18304423370411,normal,32.683941562721614,57.3,975.5509864,78.30493436689538
179,18.67671583381022,59.035175897211914,186.6057133,0,31.499974810801998,degraded,32.460474560266455,49.1,984.3352076,93.96272261
180,33.600845832948096,64.07332642491238,126.82673612752602,0,123.07008728512369,normal,61.13930290812269,58.3,1005.5991242445825,95.45841166485951
181,23.12833673882503,55.82508096064853,99.35667908520703,0,140.13633097992266,normal,29.317571220139776,55.5,1003.738433178486,103.73310272385433
182,15.714212217918586,28.06422343174156,130.58820662191292,0,66.94169537006839,normal,60.677284569335264,47.7,1058.3835707291369,77.33461298
183,14.645537509694439,37.132196005803394,188.26802309868307,0,95.75318086,normal,59.01991136044091,43,1055.8141171902782,82.08397008288225
184,22.412362076215928,52.34061841841877,167.06021553325138,1,239.14706965293755,emergency,59.86532090963239,51.4,985.6425629503095,118.6986608970413
185,18.882686073370746,26.668082866620818,321.7649217,0,69.90426393423154,normal,26.282841892420073,46.9,978.0543149,98.07925444340496
186,23.57000247046046,55.69497645258582,39.07161918018157,4,53.013479238502455,emergency,63.17210491613467,50.2,897.7178158372857,118.4762925690166
187,22.366188122867726,41.39511902762798,45.15537640869747,1,188.82708483433672,emergency,59.60981911933914,55.2,978.0431834671112,70.44558271267678
188,19.635855436715637,39.377687886756036,139.30098473183108,0,240.15717270428203,degraded,35.69186608431934,41.7,960.8776917566287,103.09556355894432
189,15.766031409657975,55.664399523052374,246.79735956150003,0,90.18362196585016,normal,63.272585011811096,51.3,985.8070216762072,125.91592888460069
190,12.425763876570677,51.66394967,285.1389011109828,0,149.26623412348613,normal,31.334321423494785,53.8,1015.6633696940045,104.93052754875221
191,17.767425239664895,39.585507512713804,102.76859246612146,0,176.04470311622515,degraded,33.77769972,54,1007.0876931679595,82.36574364671645
192,24.28199397161736,62.38994705046372,6.043882729,1,62.10073867093753,normal,54.640873603935944,43.2,998.8012797180983,113.06545373677346
193,21.07046872065102,28.78405008600154,105.62531319109236,0,70.62237935611581,normal,30.153593705643257,52.1,1007.9832844435406,92.73915098193507
194,13.77130610644006,54.239034104163956,222.53791028031048,0,166.57360046417864,normal,65.56650994438279,56,994.9552890707604,110.1030368355676
195,20.86590462925591,53.89651886952576,164.69797639176628,1,209.0361365880839,normal,34.59058559659005,51.7,1007.8807573017391,71.75918337362627
196,21.926586898644185,40.35680341029015,253.19653584875974,0,119.27603515464605,normal,60.052839755800974,49.4,870.7577996832275,108.15402156108136
197,15.580712818994336,49.89199533363177,373.7845439505507,1,57.979692692636185,normal,27.56279295318774,55.7,989.2282604099698,71.93187609627545
198,20.76862552972764,26.233296354220457,147.02687773574652,0,243.1140210819958,normal,26.65786064951402,46.5,995.5659711578797,114.68683930850597
199,20.29104359,58.860405288103514,115.73925361436737,1,69.02816095337475,degraded,35.57310703,42.4,986.3495313517366,98.37478013430731
200,14.285148510846884,42.22646795335516,76.54774486548787,0,76.12914004769708,normal,60.99782253097259,49,991.2821495158823,77.30526132838322
201,21.788936801741418,37.15915469221441,44.88443460730651,2,106.82253618613832,emergency,61.80928405,52.7,1028.1324047122691,102.55815554731035
202,22.80392263184117,60.73513838755334,33.09054276804043,0,195.79735285299375,normal,57.08962721886107,55.2,976.0757867463669,74.00646659350028
203,25.415256215876383,34.43484464185861,94.35241746088307,0,137.96333870102129,degraded,57.85595796902871,52.7,1088.0280839686852,109.20189228118244
204,25.269010260174515,23.873080554546604,340.1907186040669,1,110.76742691502032,normal,26.96820534021326,54.2,1027.5318772088835,129.76517964206954
205,13.111653160214544,21.650562397141442,270.39980721253875,0,113.48200352052245,degraded,33.266308962650015,55.2,999.7477099634451,116.16384022443773
206,15.310874800424386,54.09014927,111.27960328058577,1,91.99712571398823,normal,30.800455188886204,48.3,991.7335078720973,104.42644681952947
207,22.57517634,25.793559712555755,629.1102951167047,0,118.99360560538481,degraded,60.118341144722216,49.3,996.5391085447146,76.15811555264776
208,22.568929754561044,71.32191272976547,100.06133838412777,0,25.411960808336676,normal,57.329046455940386,56.4,963.3877172022409,111.99004448637488
209,22.575238431530238,13.771058881744167,397.53337378408224,1,77.60999888234252,degraded,58.41510886001106,43.9,996.1918984296797,109.67007203967586
210,39.26365745327361,70.44684552435058,460.4572675875464,0,101.56113855714344,emergency,59.41115804583619,52.1,1011.1473406690822,72.94582783736658
211,22.854452553465833,48.16526200803928,233.3804882923843,1,50.62740134060504,normal,26.47836010677308,46.4,1023.1816646229291,117.53795811067545
212,25.677828200902994,43.549303321944116,93.59092111,0,109.19788105952972,normal,26.846070265081966,55.5,1023.1875911657734,101.1229954534303
213,24.770008817466014,36.826213697865754,123.81264414677948,0,81.26897964057363,degraded,55.75419842422744,49.9,989.0048981373626,95.55206165199515
214,23.25695625652899,50.987041715281066,191.66375612215137,0,216.5318931702425,normal,69.72927891,50,943.3567098991227,117.29123041608793
215,18.42365377679827,44.435479463627274,46.23151963586022,0,197.65238621611874,degraded,64.82634256720311,58.6,973.2358949506622,94.69415339253023
216,23.794846102466337,61.54952823024782,70.06818994574141,0,71.31432475466126,normal,33.99401718596521,44.6,1064.4877217124956,98.86157653030921
217,16.13587392731214,46.71341473,64.75326856,0,83.47783472448042,normal,59.80776670755385,51.1,1035.8423325363979,80.89773056042948
218,18.815906966299956,47.25452642192816,245.99150784510883,0,86.74963550926218,emergency,63.00489547562568,49.1,1014.784783452167,89.27913397038571
219,17.573182260854484,39.54581681679216,371.3859043750958,3,71.82052236,normal,27.245619049750275,52.7,969.5482302095951,120.73197979375414
220,20.409370696931614,44.14581564418399,277.7790746257515,0,99.23715514659818,degraded,31.50072140830971,59.6,1000.1458061989512,81.21422493560291
221,31.573292833367542,49.61702653338089,331.1612310985135,1,61.612142249579755,normal,60.92283800456759,47,949.7732525735007,95.03746365420065
222,10.66367403704126,19.347474110150618,86.81263156159774,4,51.146411448721324,normal,32.446503067332785,44,977.922525,129.34207044371797
223,23.43130095187257,24.777218668414307,128.38323223994828,0,122.89810678655616,normal,30.937134631399715,46,990.1918663325922,84.19598870233116
224,11.936420644051742,56.148961410340725,136.3362277754456,0,123.31780357850346,normal,64.84433637212956,48.8,985.5344027253915,125.00993997632973
225,17.640340671052833,47.562981571919124,232.72113633934052,0,60.21022089244969,normal,30.96235717779805,50.3,1038.2640772422405,125.10384806833798
226,25.444752984836832,42.24024995470981,96.62814764084999,0,140.84749585840916,normal,63.97629632728523,50.6,943.2509634,75.47778053219211
227,20.321400095477316,45.276509,317.43811600981604,2,65.64169808,normal,27.815768706434035,59,965.3827091393938,97.81916349313096
228,14.611276110353469,50.21372558042506,452.10922585327484,4,102.16433242108972,normal,32.23255713,58.1,945.0124811591112,100.13298011936723
229,16.42348145370016,36.90360479535958,241.20028776816343,2,135.6627472497569,degraded,27.079863485918896,56.5,950.5058714924859,88.82013700312766
230,23.39798874467338,33.32542911896531,123.85170401301795,0,88.51691978,normal,30.63821932757298,62.6,1004.962235857866,72.84037223426422
231,16.34816684141432,47.93767882646522,80.10532711194988,1,112.99803803851212,normal,56.48329873969008,54.1,935.9823786777491,84.50113823472387
232,21.082292947909874,30.32440833577452,64.89784970339979,1,69.53186787520501,normal,28.706623291274703,55.5,1030.1547511535055,75.73177849332166
233,20.22785919951907,51.12379133571708,19.88423610772796,0,81.59489577902218,normal,62.518405513555216,54,990.1273689223569,84.29499434
234,16.741998261970913,19.461245936432395,139.7036458943724,0,81.21259001218257,degraded,25.56166733058083,53.2,1002.7515333010391,118.46746517740937
235,30.719720446626628,60.437334559884654,133.4235583834395,1,61.97374494512282,normal,54.09448735968584,52,1012.9030695198882,123.69869727316069
236,23.169595111590056,52.08896223619564,304.26158559178543,0,82.40226450891461,normal,21.211653929993197,48,982.6333391899364,72.59337352477881
237,9.874287066711965,48.840446014708135,102.15562672366127,0,41.49989306839394,normal,59.82175445618252,43.8,1041.2991886301352,88.11681017576313
238,20.93227157384714,59.74036475918271,146.00894417512666,0,70.41618423386169,normal,60.429146309636856,49.3,992.2262909308946,128.83493191565725
239,16.69106767615806,69.98211666693865,205.87403020219836,1,78.06659569002021,degraded,63.71296127253599,52.8,1023.7628102095628,102.37028935322412
240,24.26216667398112,60.21555097527195,238.4260129672568,1,79.19475910801897,normal,28.394049862297024,50.4,992.0355046897099,107.57856170259137
241,16.037396307836495,17.386886530025322,280.6790563128858,0,79.77827921081705,degraded,27.497030863525254,44.7,1011.634975496997,70.33272450441427
242,19.426317792665504,25.806345498964475,191.14576067035648,2,87.27969963033496,normal,59.06907688384529,49.2,1011.1865068063184,99.09456660655356
243,22.524936394902287,35.62772133456482,49.04853143919197,0,114.40225142528914,normal,60.293011130245006,48.9,1009.9987975782212,129.29971207734326
244,24.328775970850607,45.39136575,223.77435337825355,0,139.38759935193025,emergency,57.321637453524346,49.7,961.0276860151632,92.51113164896789
245,13.998517964721119,52.76488530703685,95.92623709511827,0,65.04747491321898,normal,61.462680891260156,52.5,1017.4350308218976,75.82228951833167
246,18.327493820795258,34.11384280269802,383.0870019,1,49.32344729300907,normal,36.20371901449066,53.5,987.2417204360162,97.71452569
247,17.62527344419522,47.80150146715617,169.42792569360196,0,53.46235673808981,normal,33.71875201932468,47.5,1025.2195212195968,127.7802679595355
248,16.73335383713144,33.66925601470016,199.71987217638375,0,70.55542275926396,normal,55.401898320330204,54.9,913.9002622235079,90.50983681390099
249,28.827271201405484,35.82723295512078,778.6890426519233,2,75.49295503388203,normal,28.63635684376967,55.7,941.3953511,117.93536399290079
250,22.024908554804778,23.900083547276665,284.0666620563927,1,61.25233473992856,normal,32.66711136683968,51.6,1014.5378224854012,117.93077987278372
251,13.695580228324774,31.151501308336435,220.87559140101578,0,47.084396793833704,normal,60.54750309179764,53.3,1074.5171034042091,82.4948978
252,24.58930973527388,24.724730915754996,149.42346337903922,3,71.66049262,normal,56.314668506202715,54.9,1033.4023498724496,96.60206211
253,30.610780985063165,30.36190120534001,53.30928421299706,0,98.56471229303334,normal,58.15703056771112,44.5,972.7019626320008,112.9360765092583
254,25.162326302755734,60.80462694911759,141.11203792588373,1,121.20880662498489,normal,59.513628073560426,55.3,932.3179033848818,94.63118712483568
255,12.403150170229933,30.759016667520854,79.21269581,0,68.12120012498174,normal,27.660441161335083,46,1029.7074488464648,81.46041732222527
256,17.578829635668743,84.48573097256086,488.5625073,0,73.22237831,normal,55.95585866,46.5,996.7766711182819,128.0496584083851
257,26.334555745933113,52.39976851321334,222.98709707336482,1,56.63634095844675,emergency,60.52660868873579,51,1023.6281687157754,109.0450219885776
258,16.461652671906094,47.77254185542311,373.7978124079204,0,88.61316314577553,normal,56.678529549592646,39.3,1004.6119488884317,121.92759109137396
259,22.219097140731144,32.1246333,99.68805311083668,1,58.89673657376176,degraded,59.93316306244886,50.9,1001.1857170048198,71.51454146797862
260,23.873170267146683,55.50464819113487,84.48500080596726,0,119.88871129745164,normal,59.96672398815419,54.9,1118.345017835727,86.01434888746809
261,15.365347642109585,36.36543260643339,265.14985705218714,0,36.85778116081184,normal,27.042588573996518,41.8,999.7548015581768,100.12426601960456
262,19.70237322,46.83014721968042,76.34124414580978,0,75.20255179,normal,58.888251712797654,55.4,993.6301916298694,74.04691810780311
263,3.793663299654636,83.40126807403192,116.32986338332749,0,104.6429071370365,normal,26.801295204302324,46.5,995.1420529838391,129.5819956656875
264,14.878061793328552,43.559101504130254,503.80637320448807,0,98.68345055455603,normal,32.08620742,51,976.6585313316937,84.18774377188173
265,18.73715924,62.23909989428513,120.21438542044453,1,346.02700875274985,normal,29.292090038367085,47.2,1039.6053157886124,92.45753094072688
266,13.761084090175753,34.45235362311169,42.429058964380005,1,107.2218456885884,normal,56.20650478,52.9,985.8498266,82.84071489450078
267,28.162056519658176,44.47517264254557,27.033437165100533,0,54.48757541154137,emergency,29.90315816685159,55.1,1025.4377082257836,76.32675196632705
268,12.849293110196836,71.56200953453265,37.105019257673334,0,85.82135569998664,normal,60.535429991656166,53.2,1011.3841211925422,83.94878713625414
269,17.799777566515083,35.59549413318349,388.5770739589803,0,37.03549708,normal,25.882603356347698,50,1048.759434485297,88.03660813019228
270,20.653702886430455,72.18672836995393,105.09150343082672,1,86.46157757324734,degraded,33.66246389643914,47.6,1016.8071838795345,108.06653607396635
271,27.206366445330577,55.616279031832136,763.1051586322978,0,59.35117813554127,normal,30.213761249732677,49.7,951.4646087620941,86.87408688717451
272,12.820689244102804,36.56299836158598,455.5433298523212,3,142.26551531012188,normal,32.03684096,53.3,946.9404885978424,91.73660565859457
273,25.815818760774796,54.48611608583281,582.9605098,1,68.39022210319314,normal,28.494647421565404,53.5,1056.334765843076,70.35657062341178
274,20.051165305097935,59.58831674440095,336.91036921119604,0,84.91213721933258,emergency,63.687644352891155,52.8,975.6515678694224,91.94314755564187
275,15.092456744760245,54.327149433257944,255.46131652591072,0,65.51119730799473,degraded,59.62881316117549,43.6,947.1758968084139,102.03315890189768
276,22.310517371316354,21.446629201643155,81.78121908135604,0,214.73950221622292,normal,62.57404258590643,49.9,973.2152560052097,79.72095022303185
277,20.99529847786735,34.09294236262697,166.23140554335444,0,76.65988937882857,normal,29.689706327129148,46.8,1050.5850114787204,105.84598650162249
278,16.998915614206027,41.287220466727426,273.7039502313162,0,225.0400804648666,emergency,33.838556009280474,53.3,943.1914800420595,87.58914811763077
279,20.349010424950094,43.88349856349931,322.91744853412723,1,135.2433679533344,normal,60.79432593293394,46.2,965.3401918496156,107.92302968810367
280,18.07343202,54.31008146326017,58.45441570210701,0,114.55251494630343,normal,58.807326703524836,52.3,973.3276996481392,71.57179631505062
281,20.56758672625624,47.66551501399881,142.89463419619233,0,108.24168745269718,normal,30.102082233216695,48.6,949.9524050610722,123.25560762806649
282,23.310653372605234,24.969834619348482,156.21888435640625,1,109.60671590128041,normal,29.706254260671287,40.6,952.6269064595334,70.96711782540244
283,27.93008408072676,50.70296776508945,151.43803561336432,0,34.334947407560435,normal,57.01841197549544,54.7,939.2756809894537,77.61748186215769
284,13.810922505865754,54.15878617925735,66.32788548519672,2,78.30083781,normal,54.09323057275175,49.9,981.5525034745311,116.62974769423613
285,30.665166873281333,53.396856718965594,538.9030980042431,1,137.35639695749978,normal,53.46880486067143,56.4,985.8036467303966,72.75371393213024
286,10.239561002387491,61.21171088331933,139.10420092430135,1,87.84302442733765,normal,58.903482189044205,41.7,972.6984738318678,112.65992161573061
287,19.241074524822082,57.50883231823356,70.95396239,1,44.58533871403853,degraded,61.27220058455536,48.5,933.8520864412943,128.26276843060774
288,22.941586032422883,51.88770118842655,547.5571604715215,0,87.68911494228136,normal,60.80788426,48.9,1050.133438,122.30097598853844
289,21.404959338675162,43.94751432812029,455.82947503753246,0,211.04106979797228,normal,28.982633162189885,51.4,946.8368468331136,112.60969907924192
290,16.88650240089703,20.08558599726013,185.52465673210426,0,167.9129781110774,normal,59.74884612045236,43.4,1011.1213484809149,127.51058458130001
291,18.959388748213623,51.44427328698879,113.45089703650213,0,87.26923501,normal,56.47147999033566,52.7,957.0093363,95.78880027319491
292,17.534995326705836,48.115315307446664,33.92605123708244,1,144.85375373697468,normal,57.48923788861116,59.6,1026.732674669661,122.37273485930844
293,17.053176215278942,49.07368256,242.15366647029634,0,74.94439884109232,normal,57.01455455443986,52.4,1038.2332942066867,91.35746007841688
294,24.248010485105123,25.84877136269536,106.9206175138887,0,38.40025908540366,degraded,29.62880195970073,50.5,964.8954565348938,125.78581917423081
295,21.785077429825236,28.784151893876064,163.13968360481198,0,56.69959148939759,emergency,29.725801327472656,43.1,923.0513708,78.92665937452621
296,16.535452023696728,60.797292799993556,516.1285989656662,1,196.65371384431415,normal,31.273181813583037,46.1,1027.8314927655842,126.4017408956964
297,24.497999377166252,44.406672692150174,100.38351304605875,0,78.49252984777009,normal,55.165297922691515,49.7,1075.0320218685454,119.96297183699275
298,21.536497604383047,55.22251046058936,234.8056707217082,0,79.70306249278785,normal,28.157632304975053,47.4,1016.6277815956973,120.76329029178785
299,24.06431059,45.42477564195692,286.41967506647694,0,77.48473133077921,degraded,28.81131096569472,55.1,1006.4217768591888,77.43538059543665
300,23.14814420961806,45.446342092436176,380.5406674149642,0,233.2400766036201,degraded,36.910916256314366,52.7,1032.7904243844075,105.78921390050422
301,15.855024945389639,59.074257089639964,154.0683101346767,2,202.95402137153386,normal,30.775983443566165,63.5,1030.6021938398808,70.98354885255588
302,17.199094799015153,37.25932907673939,141.7310260031415,1,272.9777026907937,normal,32.07856726745344,45.1,966.8404466495596,113.2710619630364
303,23.736468025616308,46.44181165411475,139.10479681863868,1,83.13596456,degraded,24.06532425187557,50.2,973.6339476,70.46425084755424
304,23.051851327167324,38.06587066942436,218.73416535044706,0,104.3564292902877,normal,58.85154843116109,43.1,1024.4449420022365,75.08933664671402
305,19.89549203017926,38.482556588515266,443.1841332033803,0,42.168720477500045,normal,27.62730185499734,38.9,994.2394661007883,83.52990462700141
306,20.58663691654391,40.36241814797041,134.05785117288417,1,188.38113285751848,normal,27.52819354,53.6,1052.664223834542,122.50747203239348
307,26.388324478942124,48.33200657450569,8.723404079002773,0,50.20477915,normal,30.056457149221796,52.5,971.8263141148497,91.81457908
308,17.04214305582085,37.818770675047844,308.8297909820577,0,100.32227779112789,degraded,33.54192273735644,45.7,1030.0243966747394,102.39759611275352
309,22.735486905850188,63.83634188360281,175.46558543855093,3,52.005461202067984,emergency,27.613328796177353,50.5,1013.7055192547691,104.0861928291387
310,18.98903673783053,31.58089046670744,242.54125268990293,0,67.05858140044256,normal,60.53608415043143,46.9,994.9424974516146,83.52780162
311,18.91159398,42.196925337579614,35.382989988373936,0,59.22648268269355,normal,62.46983974703311,47.5,1047.0364308733842,104.32880607906768
312,25.49388425993595,38.40403412588738,107.27132731632136,1,66.42426123,normal,58.76275854535056,48.4,1027.2028613146972,109.6571077017762
313,24.12708174494015,66.70466827,291.67184113174056,0,68.74738149153693,normal,59.68098899240606,45.5,959.8013138647159,87.89472359903976
314,24.067548180003193,47.94832164767362,51.51884074971631,1,68.43371431512526,normal,62.131647306893356,46.4,1025.608747216794,95.11761153880155
315,26.527394035771646,60.477668092029525,234.42553554980213,1,136.54673758233662,normal,64.96085180547685,46.6,1054.999625259768,97.18533547
316,20.105019208163796,22.71659440444542,162.107585,1,51.80924475258901,normal,23.740567024886744,52.1,994.7822124,125.9410396925249
317,23.40976485647482,49.00575398803888,88.68156108780595,0,100.51135573529172,normal,30.002048456872448,36.1,990.0537659846011,105.24962484877014
318,18.44866621703272,58.34446193435156,82.42109603142204,0,165.50138711686498,normal,59.02316684355449,48.9,973.2141141,126.89514229708848
319,21.62083176244221,46.23425983913136,66.91388439,0,69.64436676291116,normal,67.45556975003667,44.6,999.4558445729859,103.36208522590881
320,19.349284728161578,60.98220562598027,174.75698770090054,1,62.86820522739591,normal,29.452293076861377,44.7,1027.4480274421164,100.03368525094606
321,20.48497982496359,37.24067324849442,190.49865273930686,0,80.21717847701326,normal,57.65398952246689,47.4,967.2932680168501,70.21193266
322,22.97578512718457,66.1402116,123.63204755873222,0,162.3675518979864,emergency,58.65532615109955,49.9,946.1456975705104,98.85334263249773
323,15.908896583832638,79.48347185428875,63.03456754361088,0,99.19164782926286,normal,31.48859756208995,48.9,984.9700036,125.6472999137591
324,30.461936378427303,39.55742159340512,229.61780533520772,0,69.01976084793253,normal,59.52553846688304,44.7,944.8110008536501,81.90194134160315
325,14.96991309250149,38.31746217898842,312.7197218,2,114.65622753178734,degraded,28.919882193729052,53.6,1020.9287376513053,73.12546806336994
326,13.92905693606134,66.80076715676552,260.0584774,1,51.875879108740676,emergency,57.56095688321961,45.5,982.9324092,94.40673360843212
327,25.790554367500338,68.69358218596068,598.3856054897126,2,126.55534915759861,normal,54.68679434073573,46.3,929.7839262179677,92.34378883564672
328,23.95831346981468,37.15709959270097,144.15232254860598,1,110.42136667624395,degraded,30.448090446813566,51.4,986.0556994104596,121.42918347227462
329,23.120599085260775,38.69719774356214,414.62790241269676,1,77.17655849095327,normal,64.05660803660143,51.6,992.2954005682363,71.59666693359758
330,23.14172755,40.773230867092394,96.40875972949705,0,59.18730645,normal,28.31817708945807,46.9,1017.9654245343887,125.2089537855403
331,19.938766135765427,24.833242334485846,83.31726571228333,0,57.78097324412669,normal,55.69227142839442,35.3,994.1854582738316,110.85417993969739
332,15.513728142570843,31.220220802737025,183.01023236287867,2,117.61406964808944,normal,31.120045679134194,45.6,1074.7490582735923,124.25355964385307
333,20.37902279096863,29.937888498718983,476.70084479065434,1,166.41592904584988,normal,35.08716863,50.8,979.2518459,106.45174424923832
334,16.61419144243944,33.483036523438074,131.76116613346147,1,65.45390317016839,normal,55.77955497150739,53.4,997.5040580567078,118.71719874616747
335,24.875598667088756,44.47972668919828,35.35336708719724,0,113.20420953422128,normal,29.85291197748589,49.6,995.8835754294931,90.13263241235717
336,19.264713092489306,48.51322098804781,308.64760356522794,0,31.70538342822521,normal,30.13566812699995,47.6,988.6948646,90.97397368165359
337,15.872514016037442,68.25750739221115,156.8185291256818,1,67.20120202671268,normal,56.05255255071748,61.5,1005.6970234005177,93.39245381969755
338,18.393070791735035,30.024689388918134,208.28710898354944,0,88.63001177132708,normal,61.49062077152279,48.1,1021.6492518879069,115.28782489436699
339,22.06465727137812,59.764835977148756,87.23151996908135,0,57.12022696550025,normal,57.60017848,53.1,1053.6039481414573,92.15747046571886
340,17.181377235980126,41.790167336617365,181.72165593327568,1,56.35927440206219,degraded,26.570942063778816,43.3,937.2297549042214,84.53318838953604
341,15.888898022167844,44.25804435521351,41.40483905148243,2,64.46421230070865,degraded,61.563839715041446,44.5,979.5862850477552,126.26010140743574
342,21.218436057459563,55.122292382499054,544.3427811656852,0,104.17751969605683,degraded,32.34862120484572,53.2,982.0891429859103,124.4806650197824
343,21.224832855543614,28.159169676565522,348.5981739579558,1,81.96853800692763,normal,57.78968959215713,55.2,1037.5140118944682,90.92783896521946
344,17.46528412314435,50.736146192760756,175.58115074621213,0,29.396757623196397,degraded,66.92374875184834,48.1,985.7334775570663,108.07828421548284
345,17.644808471908387,47.49678312319584,302.77919209856356,1,31.17604226365017,normal,30.39578390031587,40.8,924.1929762768273,86.43053269918454
346,21.16024968678818,52.38676896012224,96.62531100381486,0,66.45781670157722,normal,28.454344818575272,49.2,1003.5092185546631,82.36690772281415
347,12.759578292513378,49.33752965861727,338.1292204330235,2,113.16458834553045,normal,58.34123748789809,50.9,998.6524307383625,90.18037173980767
348,12.962681128117223,81.82950209866341,127.07553493391927,1,22.788307572149943,normal,29.450548586840117,50.5,1007.1900626308526,89.62599355693007
349,16.40777889373782,35.43390023623026,119.79826531363898,0,70.11487104079431,normal,30.219590973005083,47.2,958.3934847608207,122.93656607179697
350,18.932764241440765,37.035045674972736,71.26980241702124,0,69.19136500973765,normal,25.37159545437106,49.2,1068.761387,119.33822888342353
351,21.554537827990025,35.65289210362853,227.55233691468808,1,180.21829914525145,degraded,26.665259251459347,46.3,987.0456086485862,112.57739371354587
352,27.376781084747762,36.66784321259618,169.81297857157685,0,74.25381034497723,normal,58.64415188426437,44.4,992.4681256602533,127.56071351553382
353,24.288298116010097,35.439193090402235,423.5426034187414,0,109.01598167691324,normal,60.65560212723284,53.8,963.9996572076336,95.35260118648348
354,19.200307350182864,62.83524796661328,63.69484232293201,1,96.60481358444667,emergency,61.77404773,50.5,962.7599198,84.70198231334058
355,19.904918960486555,66.30756371984782,228.30118646839205,1,31.022624475852027,normal,60.47838752041239,49.2,951.0905216100485,77.04390623148936
356,14.987353176810956,36.438805593757856,371.7564592873115,1,132.17193439429047,normal,65.00720857747899,47.5,984.2675659287537,88.06320149207198
357,19.90743432003805,32.51466640343657,193.04215214783787,2,100.25312649953403,normal,55.70054455642587,49.1,961.6967264497347,78.71582403822723
358,18.55670680539931,52.07123334579606,125.10427036205967,1,116.0631361083154,normal,60.41966169851738,50.8,1082.2586936490088,75.53116584
359,21.613592801690448,36.716654335785435,189.37457064522826,0,641.0573055881088,normal,63.90983411194819,58.6,924.4603047845274,106.17593180241539
360,15.863845282238385,54.493977266332664,401.19891459219093,0,31.751613096932438,normal,31.304310193670673,53.3,954.8667780727283,91.85124698538681
361,22.596732571205862,48.04384531,401.08704979803457,0,213.22508074307345,normal,59.73769401366846,46.7,983.9434228617195,103.87422055576862
362,27.66369456501289,22.263838275041522,151.88403607100193,0,77.96626555865413,normal,29.14753470621361,46.7,1026.939651123933,81.48014324
363,19.456199257715713,68.21257801995093,396.4404123,1,103.92447695331812,normal,59.03391553652382,45.9,983.4497247447975,110.61435157916563
364,22.008558610494706,71.93816509643283,163.73180981929653,1,87.99182191269301,normal,57.828029004772176,49,1027.0385357201192,82.93032683653959
365,23.450719958555563,35.80816964273421,300.44914244543713,0,72.81207692718016,normal,30.369234604968543,45.9,960.5278444283871,86.68141562464217
366,17.993897640570818,39.18447660096024,247.68244220457763,1,67.69982099889054,degraded,61.747713956426416,52.4,1002.3716453557882,114.50562532869262
367,21.120462409052084,49.287980860873574,121.0342312,0,106.13951073677791,normal,58.507287484844376,36.8,1069.7616434804333,103.58427373868271
368,20.062962003908975,50.01685184980538,73.69381238255636,1,42.157523064457095,normal,27.566997409113466,52.7,961.2902241720209,90.09018477202116
369,20.48838049274416,54.878164090092454,378.35678033088857,0,131.01208669087865,normal,28.836900250774317,51.4,1016.7827070358157,102.57932695271161
370,16.13495108072267,75.15306808149525,450.3156111081247,0,73.10544109408991,normal,33.439322611202186,56.3,1008.2771007713304,111.63908217149455
371,20.122550871294713,42.34579158758926,224.41005611149453,1,51.16037622021454,normal,62.37952706465603,54.4,909.9386005604852,124.72792728865774
372,22.489991456227248,33.02554133192319,163.5625009218635,1,71.87967719387933,normal,33.57820549624924,46.6,976.4411781411728,104.84279280366724
373,27.25571803897521,24.31021157978209,56.088953459665845,0,168.7763740878218,degraded,62.07857275271231,53.8,1045.2460762122396,83.96118273357285
374,24.796354130426035,34.036049400871214,371.8211123980046,0,68.8776992,degraded,63.00547456104581,49.2,1005.4031068993879,114.8018578465898
375,30.765912287557782,44.503095406893046,205.97926314913383,1,107.6867779,normal,33.08837244479507,40.3,951.5092414841574,116.66614105328244
376,16.163262185559752,71.91836795276681,135.42678217491834,0,62.45971957317622,degraded,29.57356038917836,50.8,1027.6310909166257,82.02407889775924
377,24.361603183603393,37.235830514457426,306.35359092482366,0,131.4939607834163,normal,57.63198448284098,46.9,980.8350821874259,119.23445318067317
378,20.91671002869176,48.35681927458348,46.29450842217815,0,126.81811180670286,normal,58.81941043209081,50,1014.4020291232334,97.89609128336959
379,30.94901466608836,44.753656558908716,68.00814418417616,1,226.8534959,normal,61.75849740117835,58.3,1015.0768045775052,116.78599972533671
380,15.958508573224243,62.82589910172126,93.58832007483463,0,82.45214193,normal,62.986744542006086,51.1,955.2521759541771,84.24869319929596
381,15.80139078909612,82.90398638810433,242.20463530267367,0,125.75397293269631,degraded,58.80696091915619,44.9,1031.5931213893718,89.95481618306059
382,17.00303677277989,37.03696840619519,190.94217717465943,1,94.54101578144729,normal,30.992553913846734,54.8,959.699648,127.22182715749918
383,9.380521378450965,37.658408362226666,262.77150421353826,0,172.0759399875635,normal,28.509203924646066,51.8,947.7685653463344,109.4689043889883
384,17.371224891596196,60.66241315603608,354.89647397232426,1,62.83949683,emergency,63.88818918534419,44.3,964.6868404911186,116.3726698300925
385,16.20433669223151,55.22837234439467,269.44690461350234,0,130.64747383769168,normal,30.021535400723828,42,986.1563986454722,111.30246059323775
386,20.75196893238104,72.70060989,551.9327049000129,0,81.66711012318244,normal,59.52191330356228,45.1,1004.3761262576505,82.25824707090597
387,21.708779878885796,53.75892277988946,354.33710871827617,0,87.17398170466326,normal,31.04012993281476,54.2,969.0966507051024,98.24132490679256
388,29.380854196079433,39.610618638194104,151.6035745728904,0,94.24297071034412,degraded,33.22295403814668,48.5,1029.7927724958047,118.53783236270709
389,24.75211919093025,53.85982246038464,106.66851615503283,0,102.11710042955208,degraded,33.575122491321196,50.4,1010.0585673617438,110.5021076145623
390,17.115481721687985,61.63055370874362,155.24995054329625,0,84.93493378196037,normal,31.72123326301324,43.3,972.2080713957799,70.36167313919788
391,15.50792664325821,57.30723271796046,276.05832441636164,0,100.21887975248127,normal,31.399635934350382,54.3,1035.5597167037943,75.24446455916937
392,22.459595857532527,52.609110466609465,116.53029214677812,0,198.1568777363715,normal,66.12622812043124,39.9,1046.4427343058594,90.80768321281357
393,13.398833964896788,61.00012034383731,281.39832761860964,2,147.3373481326753,degraded,59.413828946468925,46.7,996.0526121276195,126.6619323771154
394,29.15729382927177,62.53943385668509,259.4013602695539,0,139.01436821592713,normal,61.26057462868498,52.1,991.4006782014444,99.47142885847501
395,25.897200603606436,65.73238487,72.72191185825905,0,71.68132382150152,normal,62.988354644733384,44.4,929.0491458697459,86.21057604582002
396,17.654121739476476,54.73064831384464,349.8526048026806,1,57.707063626180734,emergency,59.63382860363617,53.1,983.6994963043412,91.62542316722259
397,11.434327354545612,42.493228795247184,218.7220649856919,0,145.13295874272973,normal,37.53466965475327,45.7,988.3397314973854,82.63915765324379
398,26.769361870827062,47.20070529649984,534.4246049671113,0,139.4942520214085,normal,58.80030281360659,43.9,1009.8151762903876,95.27200343020075
399,19.42730077373691,63.09763449762535,164.17215601965037,1,187.9799555771986,normal,61.28802247,56.4,993.2629427347811,83.08212637296847
400,26.189081559867308,32.74596493519146,130.51030878162518,0,66.55373636658018,emergency,57.87063302,50.8,1009.7610775256198,120.74515043817567
401,12.027861706028165,50.53009963309352,64.28892495069756,0,80.25633280221194,normal,60.83207538589403,52.6,1061.3636115721547,97.37623594249376
402,17.003124885231134,39.09991781508959,63.32777942361506,1,39.65662093926319,normal,28.39919908,55.1,978.8034360546529,86.78812111
403,20.026218498590914,45.431172344022265,321.91575958527613,1,73.97775552266589,normal,61.75771260349395,36.9,980.3611086973661,125.9734988884889
404,20.23490296882371,64.17677793910948,499.4062706404126,1,148.1588864916815,normal,29.660615842452778,53.2,947.6333874278968,88.86108122
405,17.74967264260378,47.86648602029855,153.54271608348603,0,71.28973232482873,normal,61.13891895,46.2,999.6535813303366,124.58287972260028
406,23.114249661737492,45.69654822234223,145.8080979851464,0,123.99483327507079,normal,27.15632184819304,46.9,1039.0725192987843,72.60508545821662
407,14.661897853087028,24.60215788530121,175.87492511481182,2,81.83855352005914,emergency,57.07390191816525,52.2,929.9571860323052,112.42690361606057
408,19.288102574893532,56.193803490408314,366.1630228315182,0,105.85058392630116,normal,30.69836022882049,48.2,973.3657213192245,99.03334234207757
409,20.601478158559495,54.68226271711613,73.32406566570508,3,50.71158092335718,normal,29.892523263880612,53,1001.4376201001568,96.65326367967882
410,22.572194170293745,77.44882085,199.37281867886713,0,93.93515697469249,normal,27.030126622343957,49.8,1034.0041153409775,72.17940066111889
411,23.55807439044445,40.38332647570499,326.9251489508964,1,20.17475387444272,normal,24.757090470515216,50.8,1015.3148095610746,72.44099142948286
412,14.376789540810654,48.287254914959085,240.08846041055594,0,81.98628038754815,degraded,60.95857401234887,47.5,1013.0185451272853,89.96521702371646
413,12.329429146321889,48.74075525566133,4.591897610956338,0,39.83569533834652,normal,56.87226691598827,44.7,991.0274886,126.8271724
414,26.388384109492545,68.66179919645211,270.39079645441734,0,164.51426080529487,normal,63.51515374414848,46.3,1019.2749702807486,107.05959862688147
415,21.661570059897958,43.57056701419572,241.75683289252578,0,132.78133485616485,normal,31.566751908053334,49.5,1040.5721553413384,92.13249050085561
416,16.25756731721723,49.185322886555085,414.3393005558765,0,113.67408961148627,normal,57.34425394162733,59.2,931.6403289380319,106.71862234329433
417,27.755759877612615,54.11844764574809,473.4824603079005,1,192.57835571421475,normal,59.21202144,57.4,1029.1414160334054,82.36789217711365
418,20.578373171464293,47.79913684734537,400.5770806,1,56.010643747120106,normal,57.44839416375887,46.7,996.0496077653314,79.90398656968225
419,25.896485920319133,38.30349578174208,176.59601345861796,2,215.6553645467794,degraded,56.952363519030065,50.3,978.8004454314195,91.70903593
420,20.337592407050543,47.911349893474615,33.60263411832149,0,143.4656712913174,emergency,31.65239271682099,48.6,902.2769685648274,121.8012010924259
421,30.303739624409936,61.104476247896585,144.97548983788252,0,79.97566144036696,normal,30.582155830817623,50.7,944.7859470538281,100.56410364101343
422,28.77670421221602,29.602270508834096,172.35932855064294,0,158.82612868416481,emergency,61.442724278246686,51.3,1067.92236,87.81409096341133
423,18.75517925760463,46.99454511220314,495.2421349203154,2,51.772195761380864,normal,28.405636345922353,52.6,972.4580587014578,127.01509750414905
424,24.85785475477178,34.49818778,88.01532484233996,0,59.60520599918172,normal,26.135077147609387,35.5,956.6092491498767,118.9579653800236
425,23.226879747925736,62.92569943387264,47.73581239615695,0,66.40053664017994,normal,33.02140000941948,51.8,981.7429617542563,89.37843656814557
426,26.843157787661745,22.15219642824338,117.16034731138598,1,69.09698835556227,normal,30.470081184739573,48,970.1941111256563,128.32589471367953
427,15.175382697099478,36.61617229092617,92.30465612998067,0,53.07580520855455,normal,59.72446570699513,46.5,1004.9743453047566,129.24106586982344
428,23.430257299992196,50.658178125967815,43.05690827887823,1,165.92593822816585,normal,59.35317126429593,54,1060.6789471298644,94.51960802474667
429,25.29212243424794,68.48286044,156.16635459400229,0,79.08892084675486,normal,60.77159691106778,57.3,976.5353619659114,109.35538617330849
430,11.206302567884428,44.01374608390518,177.53774416053824,1,107.36695832962164,normal,55.08591282769195,53.4,1006.1716020220748,94.33919190707368
431,14.083707436671125,36.67200709960203,40.42930029957159,0,67.68227418740243,normal,30.673018970334248,47.4,954.1105143503905,85.44088634443426
432,9.803839111199498,73.21735604160885,129.85014071508812,2,36.22314756,degraded,62.61659100021893,44.6,1060.8066576882613,74.95916056
433,18.652965827777212,23.27979149375634,87.20089053487709,0,103.03087279542366,normal,59.978865043558336,35,1007.5617376965644,85.81662076706992
434,23.58771127897981,12.017910650698774,181.96186909841583,0,34.60065153196881,normal,30.42294809883618,50.9,956.7272350683752,86.28879121058472
435,27.51178526048014,51.60021675079999,195.73312694679933,0,86.98041487712995,normal,34.39962257783581,52.9,1036.1722488053856,93.91834478098838
436,20.370473902098876,37.46918663471083,87.21657290175727,0,45.41500152728003,normal,33.070591932556034,49.5,1047.9995059433045,81.09316186151852
437,28.143077727856458,29.68150774,347.74565915128153,0,243.14014357123548,degraded,62.43239593677513,54.7,1006.4582545363054,127.22910419886858
438,13.099492708925542,55.62534671,169.43315599436923,0,141.97931260210373,normal,36.287530505427476,43.4,934.4241213,76.17279312286945
439,11.483087803224226,48.65701070656798,90.91984565597282,1,94.90504786713142,normal,56.70789504,49.1,1071.406752540659,107.5125119883281
440,19.722261505516904,36.538820538949075,37.674215632034844,1,169.3306544871288,degraded,58.42601277879959,48.7,1012.4049008250611,96.50184328277324
441,21.920327244696537,25.795434019936582,203.58580835441714,3,58.95898373800005,normal,59.05473980641767,49.4,1046.8181718944581,95.41108293859557
442,19.836526259529535,58.08685992420217,241.34720206409898,1,118.1245633542416,normal,61.54084339269329,55.8,977.9642717953143,92.31950697545676
443,9.662789499800617,54.753017669379915,111.75863548947574,0,99.47488665291418,normal,28.085151820414517,49.5,984.055043,122.09888261034675
444,19.55439980243606,43.51236204330926,186.3449105816811,1,102.72032877901711,emergency,60.31031438792432,48.5,1004.4181243716226,86.82861883880858
445,13.477652497475734,72.69955494071499,473.4675368367003,1,170.06432537732687,normal,55.73107522421498,45.3,1044.5360671214353,71.23456944
446,23.348362744150194,28.948728505107713,311.3282704344734,0,129.83261597332768,normal,35.761102506432785,56.6,1005.7196011266865,125.08582095754639
447,21.83299123048424,22.117122436128916,14.62788739590061,0,103.99697700013449,normal,26.576974470741785,42.8,949.7266474986527,121.86881665441632
448,15.300601068363225,34.62137895178133,89.99672633254082,1,39.35237315289117,normal,22.52018753900977,47.2,1010.4795678713336,86.61410740276017
449,17.430665413316532,44.31620975466753,150.2892572692588,0,55.699816492587864,normal,61.60887272855157,58.5,1065.1813677804307,101.4092528995011
450,14.703932390555241,48.65009173984038,176.78637801773772,0,84.66019455816199,normal,59.33183789767018,52.3,1002.6322512985132,76.54529183585902
451,19.68660451363414,41.38145913215505,189.40180061149968,0,94.31933324571337,normal,26.171086750384994,49.9,1005.1754209510593,75.60562412566455
452,24.775711602506192,50.28083094771445,230.4789740424996,1,51.15693872591735,emergency,65.10951782975411,50.1,949.4982502886472,120.24796650602255
453,15.071369768322281,26.22690863714334,154.2602317753488,1,300.61739336057235,degraded,28.754358696284186,45.3,943.8804364910865,94.61594305415397
454,22.520232577589223,66.65646906109889,169.1120053485201,1,192.13476514884053,normal,26.234593884079814,49.7,974.4923144474703,109.70299241213843
455,17.348711908137794,43.76773232411147,322.4825390737832,1,121.63918469689646,degraded,57.46517568421951,48.3,986.9392941352511,126.59203350862916
456,16.03563583868828,61.75943747382192,206.55015457008363,0,93.31850535112977,normal,60.10414124625768,50.9,1004.1624294004112,84.70783549368774
457,19.464848200227213,50.14088019566556,58.32372128528745,2,80.95516760217689,normal,62.88091438884441,42.5,1006.638278978967,70.78958987745169
458,14.823788387903129,51.85129828730676,181.07817517950235,1,55.92663653555914,normal,63.02841536578791,52,1064.076306040677,71.44890434702634
459,17.23175347326409,53.546509203483055,150.61718243873062,0,93.57284831149458,degraded,33.93595121572184,55.1,1002.3474975379964,112.56314154419033
460,14.010610537055758,51.715628400259725,22.64714823390741,0,102.39893069009824,degraded,30.87814644642556,49,1042.5769075364362,125.47311308760868
461,29.823625664581947,54.64084139801316,188.1675596407456,0,48.38160658507495,normal,29.855734478007683,53.2,998.4268266142034,98.03981638077227
462,20.176317759858645,64.93728795198646,66.08453065312251,0,106.38751274728392,emergency,60.47328431788131,51.6,1057.9561444650305,92.50654888585112
463,16.50137246003707,47.94781754552205,325.76524825630054,0,83.29349672422552,normal,33.583776661541194,47,925.1841008501119,102.57162548064426
464,21.06989955367111,55.63505636382769,228.12404910431542,0,34.677678915762996,degraded,53.94453640683409,44.7,976.0507293328628,121.53501025488644
465,19.43835975154585,43.65396459,55.18213661128028,1,58.54569114592782,emergency,58.348344204874536,45.4,1039.3213358503697,109.12923242757648
466,18.895152002333884,66.60175823,315.71824391958125,1,73.20013266208414,normal,34.78332717524759,51.5,993.1361597897313,83.97879380092638
467,23.070833500217127,34.85411546911095,418.8109282562675,1,231.32966830936354,degraded,22.190588736518105,49.7,1037.2611845355186,116.47481227123441
468,23.787538550236526,72.01410649366224,136.42505786647493,0,118.89925789630591,normal,26.331314941333307,56.4,1015.4026441110908,78.07680984
469,17.34749426194736,44.39763074033485,149.9218266638582,0,46.16672107368931,normal,35.13612085205368,54,1037.8350793485213,79.93359824372277
470,17.1209088,23.538373468229278,294.7844405027306,0,114.78010238708859,normal,61.60007773411635,53.9,1024.5227091211536,106.76093696853937
471,18.62474151424178,46.92156622366184,398.1326461,0,41.52717389195749,normal,27.585100557442317,51.3,1026.945957,84.32700436855787
472,8.490394176322075,34.78422513787679,30.986913884228606,1,154.67799848537243,emergency,32.93344665,45.2,1059.698215486062,112.28671285333184
473,12.42404468900724,57.60965323483086,61.771928513329165,1,71.12491334,normal,28.929980597460386,51.6,1039.4589607480375,90.97111164
474,26.834371337222624,35.210640310464136,119.05747651196839,0,85.89983478355252,normal,34.15904819178853,50.3,1039.7522682854565,86.64543760044312
475,28.224838567506417,38.307248501778304,129.97859776619302,0,174.6699728092619,degraded,55.19918668648887,44.3,1000.816750351423,129.93510435836785
476,18.75481980221811,16.656889035817034,288.9424144,0,47.295644826447244,emergency,31.224158540510267,56,976.7259916073251,72.43696747350756
477,22.882784815278832,38.21540521126385,399.51115550537367,0,44.76564118968532,normal,29.805934184902444,55.5,973.6175964691081,108.74935130098673
478,21.556250772717682,8.641810101,419.5793935802987,0,67.23542974,emergency,25.296421723903634,44.3,1030.0377838875872,72.32197510073466
479,35.39440404227619,21.24145764771415,30.11435589661895,0,151.2886233811716,normal,25.951271365345406,46.8,902.4615774,115.61261547514025
480,25.597874557172883,56.40621984216446,82.77540419812745,0,42.11175686954296,degraded,30.436563593304722,47.3,947.7128724678286,83.80539744989746
481,19.360412042596167,56.787002379762484,101.28370226423024,0,21.84391080358974,normal,29.66547351857117,53,961.4698525648485,75.38991202434184
482,15.222297796997871,51.38186342677447,82.47349612053189,2,71.83850192184374,normal,58.426298958698844,52.5,990.0951448522553,108.90698271454286
483,11.967768398712138,30.495357853061805,227.62574573023304,2,118.61351089779312,normal,61.393109590639725,50.2,894.7424785276667,113.9560730375757
484,21.017318179336115,44.28432966,247.60690971288875,0,164.04337505036457,normal,25.88142164555681,51.4,1050.3488521035733,110.68571889513063
485,16.218246273578483,44.945961913641476,167.49715374567472,0,71.40867203,normal,62.54883596554864,43.6,1024.0070094531839,73.11405682805244
486,12.88873145201163,27.624529662111858,155.51734542109526,2,73.27992496689677,normal,23.43023488506434,51.9,1079.3832959383426,87.65841673324937
487,16.767135578787368,67.55097452650726,123.31672331925078,0,160.2845009435656,normal,32.19414075772498,49.5,1042.4885787569112,97.06530077
488,14.592259981928025,58.16043435863507,135.4390258903917,0,35.34401779,emergency,30.15677547149245,46.6,1041.2151732460811,87.22619738
489,28.435708175362823,41.68553739255504,469.96135815387186,0,74.12401822759293,normal,33.20513800108205,42.3,1090.0270412412347,118.63080737622225
490,24.408198784747253,45.40328758491796,273.80584454933916,0,99.00911780781095,normal,63.91052379580428,50.1,977.1616765257028,77.86690631
491,19.960136793416915,48.125742119213285,127.17855063610682,1,112.6864700047824,normal,63.19551589714316,51.8,939.8616640300243,106.73076170143551
492,27.39972069445013,14.373976973635642,153.19426675849525,2,69.76250260144417,normal,30.968923510853003,41.5,990.7057041402904,129.29289661764722
493,20.38684153823809,41.29233926219105,231.40582226181223,0,91.58069588462715,degraded,24.50495325838192,50.1,967.0003178461136,124.15339231593214
494,15.693578993358681,34.77023628003302,55.16433333484494,1,25.94130077848419,degraded,58.242216980046734,50.6,989.7261855590222,83.32942374910591
495,27.615620386348287,29.975699851576266,185.8100109715938,1,64.77215432736645,normal,58.13389558333686,47.2,957.9912403896764,70.00491325682006
496,22.694550218423295,40.78349560671067,263.35422586952484,1,112.92844141206453,normal,58.28476187413182,51.9,1022.7152026981598,128.83584052371933
497,14.813769228367718,71.96529790274283,240.0473462798627,0,55.08365242148523,degraded,30.334117805520158,49.3,1020.519313983949,122.96277908184265
498,19.04830660958196,54.61264291900515,84.24839923186883,0,92.71146197,normal,54.620680642396266,51.4,998.9230963772691,125.16834797965676
499,15.621908733076214,36.432315153258045,98.67743609250834,0,112.55435386133057,degraded,27.848951552616192,52.7,1012.4632601353152,94.93021305
500,13.08600134517832,53.58874172034238,19.482023864670804,1,75.84754961253493,normal,32.20391263637799,52.7,994.3179709148327,114.67692772940387